{"cameraMode":{"drawMode":0,"name":"Shaded","section":"Shading Mode"},"sceneLighting":false,"audioPlay":false,"sceneViewState":{"showFog":true,"showMaterialUpdate":true,"showSkybox":true,"showFlares":true,"showImageEffects":true,"showParticleSystems":true,"showVisualEffectGraphs":true,"m_FxEnabled":false},"in2DMode":false,"pivot":{"x":0.21852070093154908,"y":-0.4761306941509247,"z":0.17599272727966309},"rotation":{"x":0.1724436730146408,"y":-0.38648727536201479,"z":-0.07380267977714539,"w":-0.9030218124389648},"size":7.02842903137207,"orthographic":false}